{"posX":101.4526596069336,"posY":2.0,"posZ":-102.4344253540039,"rotX":0.0,"rotY":0.9490136504173279,"rotZ":0.0,"w":0.31523510813713076}